model,model_type,accuracy,precision,recall,f1_score,training_time,samples_evaluated,notes
IndicGemma,Large Language Model,0.8543,0.8421,0.8543,0.8482,0.0,20000,Best for Indic languages including Bangla
Llama 3.1,Large Language Model,0.8234,0.8156,0.8234,0.8194,0.0,20000,Strong general-purpose model
BERT (Multilingual),Transformer,0.8156,0.8089,0.8156,0.8122,1847.2,20000,Fine-tuned transformer model
Qwen 2.5,Large Language Model,0.8012,0.7943,0.8012,0.7977,0.0,20000,Good multilingual performance
Sarban 1,Large Language Model,0.7856,0.7789,0.7856,0.7822,0.0,20000,Specialized for Bangla text
LSTM,Deep Learning,0.7654,0.7598,0.7654,0.7625,542.8,20000,Recurrent neural network for sequence modeling
M10,Large Language Model,0.7654,0.7587,0.7654,0.762,0.0,20000,General purpose model
CNN,Deep Learning,0.7423,0.7356,0.7423,0.7389,398.5,20000,Convolutional neural network for text classification
Naive Bayes,Traditional ML,0.6892,0.6823,0.6892,0.6857,12.3,20000,Fast probabilistic classifier
